Route_name,Route_link
Delhi to Shimla,https://www.redbus.in/bus-tickets/delhi-to-shimla
Shimla to Delhi,https://www.redbus.in/bus-tickets/shimla-to-delhi
Chandigarh to Hamirpur (Himachal Pradesh),https://www.redbus.in/bus-tickets/chandigarh-to-hamirpur-himachal-pradesh
Hamirpur (Himachal Pradesh) to Chandigarh,https://www.redbus.in/bus-tickets/hamirpur-himachal-pradesh-to-chandigarh
Delhi to Chandigarh,https://www.redbus.in/bus-tickets/delhi-to-chandigarh
Shimla to Manali,https://www.redbus.in/bus-tickets/shimla-to-manali
Chandigarh to Manali,https://www.redbus.in/bus-tickets/chandigarh-to-manali
Manali to Chandigarh,https://www.redbus.in/bus-tickets/manali-to-chandigarh
Chamba (Himachal Pradesh) to Chandigarh,https://www.redbus.in/bus-tickets/chamba-himachal-pradesh-to-chandigarh
Delhi to Hamirpur (Himachal Pradesh),https://www.redbus.in/bus-tickets/delhi-to-hamirpur-himachal-pradesh
Dharamshala (Himachal Pradesh) to Chandigarh,https://www.redbus.in/bus-tickets/dharamshala-to-chandigarh
Delhi to Manali,https://www.redbus.in/bus-tickets/delhi-to-manali
Hamirpur (Himachal Pradesh) to Delhi,https://www.redbus.in/bus-tickets/hamirpur-himachal-pradesh-to-delhi
Shimla to Chandigarh,https://www.redbus.in/bus-tickets/shimla-to-chandigarh
Solan to Delhi,https://www.redbus.in/bus-tickets/solan-to-delhi
Chandigarh to Dharamshala (Himachal Pradesh),https://www.redbus.in/bus-tickets/chandigarh-to-dharamshala
Shimla to Dehradun,https://www.redbus.in/bus-tickets/shimla-to-dehradun
Delhi to Nalagarh,https://www.redbus.in/bus-tickets/delhi-to-nalagarh
Kangra to Chandigarh,https://www.redbus.in/bus-tickets/kangra-to-chandigarh
Manali to Delhi,https://www.redbus.in/bus-tickets/manali-to-delhi
Manali to Shimla,https://www.redbus.in/bus-tickets/manali-to-shimla
Delhi to Chamba (Himachal Pradesh),https://www.redbus.in/bus-tickets/delhi-to-chamba-himachal-pradesh
Delhi to Solan,https://www.redbus.in/bus-tickets/delhi-to-solan
Chandigarh to Kullu,https://www.redbus.in/bus-tickets/chandigarh-to-kullu
Chandigarh to Kangra,https://www.redbus.in/bus-tickets/chandigarh-to-kangra
Ghumarwin to Chandigarh,https://www.redbus.in/bus-tickets/ghumarwin-to-chandigarh
Chandigarh to Reckong Peo (Himachal Pradesh),https://www.redbus.in/bus-tickets/chandigarh-to-reckong-peo-himachal-pradesh
Chamba (Himachal Pradesh) to Delhi,https://www.redbus.in/bus-tickets/chamba-himachal-pradesh-to-delhi
Palampur to Chandigarh,https://www.redbus.in/bus-tickets/palampur-to-chandigarh
Ghumarwin to Delhi,https://www.redbus.in/bus-tickets/ghumarwin-to-delhi
Kullu to Shimla,https://www.redbus.in/bus-tickets/kullu-to-shimla
Delhi to Sarkaghat,https://www.redbus.in/bus-tickets/delhi-to-sarkaghat
Delhi to Bilaspur (Himachal Pradesh),https://www.redbus.in/bus-tickets/delhi-to-bilaspur-himachal-pradesh
Baddi (Himachal Pradesh) to Delhi,https://www.redbus.in/bus-tickets/baddi-himachal-pradesh-to-delhi
Sunder Nagar (Himachal Pradesh) to Chandigarh,https://www.redbus.in/bus-tickets/sundernagar-himachal-pradesh-to-chandigarh
Palampur to Delhi,https://www.redbus.in/bus-tickets/palampur-to-delhi
Jahu to Delhi,https://www.redbus.in/bus-tickets/jahoo-to-delhi
Dharamshala (Himachal Pradesh) to Delhi,https://www.redbus.in/bus-tickets/dharamshala-to-delhi
Jassur to Chandigarh,https://www.redbus.in/bus-tickets/jassur-to-chandigarh
Sarkaghat to Delhi,https://www.redbus.in/bus-tickets/sarkaghat-to-delhi
